 \copy bus from 'data/bus.csv' DELIMITER ',';
 \copy bus_station from 'data/bus_station.csv' DELIMITER ',';
 \copy student from 'data/student.csv' DELIMITER ',';
 \copy take_leave from 'data/take_leave.csv' DELIMITER ',';

INSERT INTO apartment VALUES ('Pangea Hyde Park','4901 Drexel Blvd');
INSERT INTO apartment VALUES ('VUE 53','1330 E 53rd St');
INSERT INTO apartment VALUES ('Hyde Park West','5325 Grove');
INSERT INTO apartment VALUES ('City Hyde Park','5105 S Harper Ave,');
INSERT INTO apartment VALUES ('Everett Hyde Park','5501 S Everett Ave');
INSERT INTO apartment VALUES ('5512 S. Hyde Park','5512 S. Hyde Park');
INSERT INTO apartment VALUES ('Levard Apartments','11 Hyde Park Blvd');
INSERT INTO apartment VALUES ('Mayfair Apartments','54 Hyde Park Blvd');
INSERT INTO apartment VALUES ('Boulevard Apartments','5325 Hyde Park');
INSERT INTO apartment VALUES ('Regents Park','5035 East End Ave');
INSERT INTO apartment VALUES ('Madison Park','138 Hyde Park Blvd');
INSERT INTO apartment VALUES ('The Shoreland','5454 S Shore Dr');
INSERT INTO apartment VALUES ('Museum Walk','5541 S Everett Ave');
INSERT INTO apartment VALUES ('The Victorian','5326 S Cornell Ave');
INSERT INTO apartment VALUES ('The Versailles','5254 S Dorchester');
INSERT INTO apartment VALUES ('Campus Court','5419 S Harper Ave');
INSERT INTO apartment VALUES ('Scholars Corner','5100 S Cornell Ave');
INSERT INTO apartment VALUES ('Drexel Avenue','5300 S Drexel Blvd');
INSERT INTO apartment VALUES ('Carolan Apartment','5480 S Cornell Ave');
INSERT INTO apartment VALUES ('Plaisance','6104 S Woodlawn');

INSERT INTO school_building VALUES ('Kavli Institute','5640 S Ellis Ave','Physics');
INSERT INTO school_building VALUES ('Organismal Biology','1027 E 57th St','Biology');
INSERT INTO school_building VALUES ('Franke Institute','1100 E 57th','Maths');
INSERT INTO school_building VALUES ('William Eckhardt','5640 S Ellis Ave','Maths');
INSERT INTO school_building VALUES ('Young Memorial','5555 S Ellis Ave','Computer Science');
INSERT INTO school_building VALUES ('Art History','5540 S Greenwood','Art History');
INSERT INTO school_building VALUES ('Computing Center','5621 S University','Computation Science');
INSERT INTO school_building VALUES ('Bartlett Dining','Bartlett Dining','Business');
INSERT INTO school_building VALUES ('Neubauer Collegium','5701 S Woodlawn','Culture and Society');
INSERT INTO school_building VALUES ('Phi Delta Theta','5625 S University','Chemistry');
INSERT INTO school_building VALUES ('Delta Upsilon','5714 S Woodlawn','English Studies');
INSERT INTO school_building VALUES ('Frederick','5757 S Woodlawn','Biology');
INSERT INTO school_building VALUES ('Rohr Chabad','5700 S Woodlawn','History');
INSERT INTO school_building VALUES ('Law School','1111 E 60th St','Law');
INSERT INTO school_building VALUES ('Social Service','969 E 60th St','Social Service');
INSERT INTO school_building VALUES ('Mandel Legal Aid','6020 S University','Medicine');
INSERT INTO school_building VALUES ('NORC','B','Social Science');
INSERT INTO school_building VALUES ('Political Science','1155 E 60th St','Political Science');
INSERT INTO school_building VALUES ('Keller Center','1307 E 60th St','Public Policy');
INSERT INTO school_building VALUES ('Research Libraries','6050 S Kenwood','Social Science');


INSERT INTO google_map_review VALUES ('Andres Gregory','9962 Brian Manors Suite 679',5);
INSERT INTO google_map_review VALUES ('James Charles','143 William Circle Suite 472',4);
INSERT INTO google_map_review VALUES ('Craig Williams','359 Hodges Spur Apt. 556',2);
INSERT INTO google_map_review VALUES ('Lauren Hunter','Unit 5458 Box 4984',2);
INSERT INTO google_map_review VALUES ('Steven Newton','803 Vega Knoll Suite 113',4);
INSERT INTO google_map_review VALUES ('Carl Martinez','7351 James Rapid',1);
INSERT INTO google_map_review VALUES ('Brandy Francis','356 Megan Court',3);
INSERT INTO google_map_review VALUES ('Michael Nicholson','79888 Noah Bypass',3);
INSERT INTO google_map_review VALUES ('Karen Byrd','627 Richard Coves Apt. 286',2);
INSERT INTO google_map_review VALUES ('Ana Gonzalez','PSC 6687 Box 8348',3);
INSERT INTO google_map_review VALUES ('Shaun Reed','809 Griffin Wall Apt. 564',3);
INSERT INTO google_map_review VALUES ('Nathan Huff','463 Samuel Place Suite 009',1);
INSERT INTO google_map_review VALUES ('Carol Brown','368 Finley Bridge',0);
INSERT INTO google_map_review VALUES ('Ashley Gibson','033 Williams Rapid Suite 034',1);
INSERT INTO google_map_review VALUES ('Laurie Ortega','610 Chad Lane',2);
INSERT INTO google_map_review VALUES ('Tiffany Valencia','3423 Tyler Isle',1);
INSERT INTO google_map_review VALUES ('Christopher Schneider','368 Melissa Common',4);
INSERT INTO google_map_review VALUES ('Victoria Adams','71571 Alyssa Fall',4);
INSERT INTO google_map_review VALUES ('Jeremy Gallagher','83953 Hill Flat Apt. 446',4);
INSERT INTO google_map_review VALUES ('Samuel Peterson','7069 Judy Mountain Apt. 356',4);
INSERT INTO google_map_review VALUES ('Megan Alexander','005 Harris Tunnel Suite 195',1);
INSERT INTO google_map_review VALUES ('Brian Caldwell','002 Romero Spring Apt. 264',4);
INSERT INTO google_map_review VALUES ('Shane Hughes','48080 Rachel Landing Suite 195',0);
INSERT INTO google_map_review VALUES ('Sara Marshall','21151 Stacey Forges Suite 735',4);
INSERT INTO google_map_review VALUES ('Charles Jensen','72979 Eric Fields Apt. 341',0);
INSERT INTO google_map_review VALUES ('Samantha Shelton','56917 Harrington Park',0);
INSERT INTO google_map_review VALUES ('Kelsey Olson','19851 April Drive',5);
INSERT INTO google_map_review VALUES ('Sara Gomez','56896 Farley Terrace Suite 754',3);
INSERT INTO google_map_review VALUES ('Thomas Davenport MD','5146 Patricia Ways',1);
INSERT INTO google_map_review VALUES ('Lisa Sexton','7279 Angelica Parkway',2);
INSERT INTO google_map_review VALUES ('Valerie Waller','338 Bryant Heights Apt. 373',2);
INSERT INTO google_map_review VALUES ('Joseph Reyes','9657 Benson Vista',5);
INSERT INTO google_map_review VALUES ('Cassie Escobar','473 Sherry Ridges',3);
INSERT INTO google_map_review VALUES ('Devon Benson','757 Amanda Meadow Apt. 252',2);
INSERT INTO google_map_review VALUES ('Nicholas Alvarez','5254 Michael Meadow Suite 593',0);
INSERT INTO google_map_review VALUES ('Rachel Clay','95294 Reyes Underpass',4);
INSERT INTO google_map_review VALUES ('Cindy James','PSC 1925 Box 6530',2);
INSERT INTO google_map_review VALUES ('Michael Finley','9033 Greene Branch',4);
INSERT INTO google_map_review VALUES ('Carlos Acevedo','271 Blair Mount Apt. 368',3);
INSERT INTO google_map_review VALUES ('Dr. Jose Jackson','5868 Julie Divide',1);
INSERT INTO google_map_review VALUES ('Christine Jones','PSC 5885 Box 7621',5);
INSERT INTO google_map_review VALUES ('Kathryn Lin','9917 Richard Meadow Apt. 350',5);
INSERT INTO google_map_review VALUES ('Andrew Wilson','99245 Sharon Villages Suite 419',1);
INSERT INTO google_map_review VALUES ('Lance Baker','0406 Walter Drive Apt. 352',2);
INSERT INTO google_map_review VALUES ('Brenda Hardy','0758 Christine Light Suite 822',2);
INSERT INTO google_map_review VALUES ('Kelsey Baird','55545 Thompson Estate',5);
INSERT INTO google_map_review VALUES ('Dale Williams','56621 Gonzalez Island Apt. 991',1);
INSERT INTO google_map_review VALUES ('Kayla Smith','42269 Thompson Vista Suite 335',3);
INSERT INTO google_map_review VALUES ('Linda Fisher','405 William Island Suite 048',2);
INSERT INTO google_map_review VALUES ('Jeffrey Rasmussen','8961 Rowe Track',4);



INSERT INTO live VALUES ('Ryan Wilkins','VUE 53');
INSERT INTO live VALUES ('Travis Gutierrez','Pangea Hyde Park');
INSERT INTO live VALUES ('Dr. Lauren Hull','Plaisance');
INSERT INTO live VALUES ('Alan Clark','Plaisance');
INSERT INTO live VALUES ('Mark Gallagher','Pangea Hyde Park');
INSERT INTO live VALUES ('Nicole Wells','Levard Apartments');
INSERT INTO live VALUES ('Kara Bell','Hyde Park West');
INSERT INTO live VALUES ('Michael Alexander','Boulevard Apartments');
INSERT INTO live VALUES ('Patrick Potter','The Victorian');
INSERT INTO live VALUES ('Tammy Chaney','The Versailles');
INSERT INTO live VALUES ('Monica Combs','Museum Walk');
INSERT INTO live VALUES ('Elizabeth Jacobs','Pangea Hyde Park');
INSERT INTO live VALUES ('Francisco Lewis','Museum Walk');
INSERT INTO live VALUES ('Jeffrey Lawrence','Hyde Park West');
INSERT INTO live VALUES ('Julie Ryan','City Hyde Park');
INSERT INTO live VALUES ('Clayton Johnson','The Versailles');
INSERT INTO live VALUES ('Theresa Ross','Regents Park');
INSERT INTO live VALUES ('April Guerrero','Museum Walk');
INSERT INTO live VALUES ('Robert Sutton','Madison Park');
INSERT INTO live VALUES ('Jodi Patterson','Pangea Hyde Park');
INSERT INTO live VALUES ('Christina Medina','Scholars Corner');
INSERT INTO live VALUES ('Joy Jones','The Shoreland');
INSERT INTO live VALUES ('Raymond Thomas','Mayfair Apartments');
INSERT INTO live VALUES ('Melissa George','Hyde Park West');
INSERT INTO live VALUES ('Gary Wood','Plaisance');
INSERT INTO live VALUES ('Carolyn Whitney','Pangea Hyde Park');
INSERT INTO live VALUES ('Randy Carter','The Victorian');
INSERT INTO live VALUES ('Edward Christensen','Carolan Apartment');
INSERT INTO live VALUES ('Cody Velazquez','VUE 53');
INSERT INTO live VALUES ('Timothy Coleman','Museum Walk');
INSERT INTO live VALUES ('Tiffany Powell','Campus Court');
INSERT INTO live VALUES ('Robert Wallace','Everett Hyde Park');
INSERT INTO live VALUES ('Gina Mercado','Madison Park');
INSERT INTO live VALUES ('Lindsey Haney','VUE 53');
INSERT INTO live VALUES ('Patricia King','Regents Park');
INSERT INTO live VALUES ('Marcus Allen','Pangea Hyde Park');
INSERT INTO live VALUES ('Jessica Travis','5512 S. Hyde Park');
INSERT INTO live VALUES ('Audrey Williams','Campus Court');
INSERT INTO live VALUES ('Tiffany Myers','Museum Walk');
INSERT INTO live VALUES ('Megan Anderson','Regents Park');
INSERT INTO live VALUES ('Larry Cowan','Levard Apartments');
INSERT INTO live VALUES ('Brian Moreno','Levard Apartments');
INSERT INTO live VALUES ('Felicia Johnson','Plaisance');
INSERT INTO live VALUES ('William Spencer','Mayfair Apartments');
INSERT INTO live VALUES ('Sarah Harper','5512 S. Hyde Park');
INSERT INTO live VALUES ('Roy Baker','Hyde Park West');
INSERT INTO live VALUES ('Melissa Griffin','Regents Park');
INSERT INTO live VALUES ('Rick Baker','Scholars Corner');
INSERT INTO live VALUES ('Andrea Rivera','Madison Park');
INSERT INTO live VALUES ('Melinda Hayes','Pangea Hyde Park');


INSERT INTO near_apt_bus VALUES ('Pangea Hyde Park','826 Spencer Island');
INSERT INTO near_apt_bus VALUES ('City Hyde Park','208 Sara Ports Apt. 972');
INSERT INTO near_apt_bus VALUES ('Regents Park','4022 Mitchell Isle');
INSERT INTO near_apt_bus VALUES ('Boulevard Apartments','6687 Bender Square');
INSERT INTO near_apt_bus VALUES ('Campus Court','PSC 0352 Box 4489');
INSERT INTO near_apt_bus VALUES ('Madison Park','PSC 4642 Box 9714');
INSERT INTO near_apt_bus VALUES ('Plaisance','60709 Johnson Route');
INSERT INTO near_apt_bus VALUES ('5512 S. Hyde Park','4819 Alejandro Ford Apt. 131');
INSERT INTO near_apt_bus VALUES ('The Victorian','4022 Joseph Locks');
INSERT INTO near_apt_bus VALUES ('Boulevard Apartments','789 Nelson Burgs Suite 580');
INSERT INTO near_apt_bus VALUES ('Madison Park','46153 Stephanie Manor Suite 607');
INSERT INTO near_apt_bus VALUES ('The Shoreland','Unit 3964 Box 9139');
INSERT INTO near_apt_bus VALUES ('Madison Park','6666 Wilson Shoal');
INSERT INTO near_apt_bus VALUES ('The Shoreland','96764 Hayes Inlet Suite 970');
INSERT INTO near_apt_bus VALUES ('The Shoreland','77963 Moore Roads Suite 331');
INSERT INTO near_apt_bus VALUES ('The Shoreland','86390 White Orchard');
INSERT INTO near_apt_bus VALUES ('City Hyde Park','94985 Riley Keys');
INSERT INTO near_apt_bus VALUES ('Pangea Hyde Park','648 Watkins Drive');
INSERT INTO near_apt_bus VALUES ('City Hyde Park','4653 Willis Plaza Apt. 923');
INSERT INTO near_apt_bus VALUES ('The Victorian','390 Stein Extensions');
INSERT INTO near_apt_bus VALUES ('Museum Walk','6182 Weaver Brook Apt. 011');
INSERT INTO near_apt_bus VALUES ('Everett Hyde Park','062 Lane Haven Suite 589');
INSERT INTO near_apt_bus VALUES ('Museum Walk','540 Figueroa Gateway');
INSERT INTO near_apt_bus VALUES ('Carolan Apartment','43547 Joseph Summit Apt. 837');
INSERT INTO near_apt_bus VALUES ('Madison Park','23646 Gregory Orchard');
INSERT INTO near_apt_bus VALUES ('Everett Hyde Park','PSC 3941 Box 9359');
INSERT INTO near_apt_bus VALUES ('Madison Park','7440 Michelle Junction Suite 908');
INSERT INTO near_apt_bus VALUES ('Museum Walk','3062 Katherine Spur');
INSERT INTO near_apt_bus VALUES ('The Shoreland','862 Obrien Vista');
INSERT INTO near_apt_bus VALUES ('Hyde Park West','7001 Donald Mount Apt. 870');
INSERT INTO near_apt_bus VALUES ('Mayfair Apartments','04027 Sarah Dale Suite 824');
INSERT INTO near_apt_bus VALUES ('VUE 53','USNS Delgado');
INSERT INTO near_apt_bus VALUES ('The Victorian','804 Allen Locks Suite 251');
INSERT INTO near_apt_bus VALUES ('The Versailles','6837 Beard Mission');
INSERT INTO near_apt_bus VALUES ('Plaisance','6028 Johnson Meadow');
INSERT INTO near_apt_bus VALUES ('Mayfair Apartments','249 Calvin Land');
INSERT INTO near_apt_bus VALUES ('Pangea Hyde Park','2783 Hannah Isle Suite 931');
INSERT INTO near_apt_bus VALUES ('Boulevard Apartments','Unit 6022 Box 6246');
INSERT INTO near_apt_bus VALUES ('Mayfair Apartments','16988 John Turnpike Suite 291');
INSERT INTO near_apt_bus VALUES ('Drexel Avenue','72785 Bryce Spring Suite 036');
INSERT INTO near_apt_bus VALUES ('City Hyde Park','4482 Vega Viaduct Suite 826');
INSERT INTO near_apt_bus VALUES ('Regents Park','45501 Flores Locks');
INSERT INTO near_apt_bus VALUES ('Madison Park','5297 Elizabeth Island');
INSERT INTO near_apt_bus VALUES ('The Versailles','6167 James Stravenue Suite 582');
INSERT INTO near_apt_bus VALUES ('5512 S. Hyde Park','27805 Johnson Glen Suite 390');
INSERT INTO near_apt_bus VALUES ('The Shoreland','28792 Suarez Creek Apt. 060');
INSERT INTO near_apt_bus VALUES ('Everett Hyde Park','USCGC Esparza');
INSERT INTO near_apt_bus VALUES ('Museum Walk','690 Lori Way');
INSERT INTO near_apt_bus VALUES ('Scholars Corner','81065 Lauren Mountains');
INSERT INTO near_apt_bus VALUES ('The Victorian','978 Christopher Islands');


INSERT INTO near_apt_school VALUES ('The Victorian','NORC');
INSERT INTO near_apt_school VALUES ('Levard Apartments','William Eckhardt');
INSERT INTO near_apt_school VALUES ('Madison Park','Organismal Biology');
INSERT INTO near_apt_school VALUES ('Pangea Hyde Park','Kavli Institute');
INSERT INTO near_apt_school VALUES ('5512 S. Hyde Park','Social Service');
INSERT INTO near_apt_school VALUES ('Museum Walk','Delta Upsilon');
INSERT INTO near_apt_school VALUES ('Scholars Corner','Art History');
INSERT INTO near_apt_school VALUES ('The Versailles','Phi Delta Theta');
INSERT INTO near_apt_school VALUES ('Campus Court','Rohr Chabad');
INSERT INTO near_apt_school VALUES ('Levard Apartments','Kavli Institute');
INSERT INTO near_apt_school VALUES ('Regents Park','Art History');
INSERT INTO near_apt_school VALUES ('VUE 53','Young Memorial');
INSERT INTO near_apt_school VALUES ('Boulevard Apartments','Organismal Biology');
INSERT INTO near_apt_school VALUES ('Pangea Hyde Park','Computing Center');
INSERT INTO near_apt_school VALUES ('Campus Court','Kavli Institute');
INSERT INTO near_apt_school VALUES ('Drexel Avenue','Young Memorial');
INSERT INTO near_apt_school VALUES ('Drexel Avenue','Phi Delta Theta');
INSERT INTO near_apt_school VALUES ('VUE 53','Social Service');
INSERT INTO near_apt_school VALUES ('The Shoreland','Delta Upsilon');
INSERT INTO near_apt_school VALUES ('Everett Hyde Park','Frederick');


INSERT INTO stop VALUES ('4999 Kevin Freeway','0V75EQK');
INSERT INTO stop VALUES ('4241 Jeremy Circles','UQT1LQLJ');
INSERT INTO stop VALUES ('287 Stone Burgs Suite 126','E4ALYGN');
INSERT INTO stop VALUES ('7335 Daniel Curve','O0TG1TXF');
INSERT INTO stop VALUES ('32876 Wanda Brooks Suite 287','K0SC14');
INSERT INTO stop VALUES ('256 Theresa Bypass Apt. 058','5RF64PAI');
INSERT INTO stop VALUES ('94134 Laura Keys Apt. 730','CN1N0USH');
INSERT INTO stop VALUES ('05269 Alexandra Manor Suite 647','TR9UV');
INSERT INTO stop VALUES ('577 Megan Mission','25LS4Q7');
INSERT INTO stop VALUES ('Unit 9413 Box 1431','JLFC12');
INSERT INTO stop VALUES ('1766 Edward Burgs','UZ24L');
INSERT INTO stop VALUES ('3001 Garcia Ports Suite 805','XP5CZF93E');
INSERT INTO stop VALUES ('19912 Sweeney Points','1BTF6XD');
INSERT INTO stop VALUES ('029 Dana Cliff Suite 155','C2VQ07');
INSERT INTO stop VALUES ('8177 Crystal Mill','47VM77V');
INSERT INTO stop VALUES ('2064 Lane Village','Y7S45ICV');
INSERT INTO stop VALUES ('2101 Carol Bridge','NQ42EHTG');
INSERT INTO stop VALUES ('415 Kyle Lake Apt. 007','JWSKLG21F');
INSERT INTO stop VALUES ('044 Sheena Mission Suite 766','PNPRK');
INSERT INTO stop VALUES ('USS Reynolds','QPDRT7CTU');
INSERT INTO stop VALUES ('USNS Montgomery','OB0C4HG');
INSERT INTO stop VALUES ('27198 Griffin Walk','I3HMSEO0');
INSERT INTO stop VALUES ('7982 Young Center Suite 152','QAZYWLN3');
INSERT INTO stop VALUES ('578 Ashley Tunnel Suite 187','SFUHAI5G');
INSERT INTO stop VALUES ('355 Farrell Mountain','FC372U98M');
INSERT INTO stop VALUES ('0550 Miller Meadow Suite 272','C84A7');
INSERT INTO stop VALUES ('8692 Vasquez Wall Suite 872','NL7MKW');
INSERT INTO stop VALUES ('70685 Ramirez Wells Suite 567','4QMO2');
INSERT INTO stop VALUES ('8293 Sanders Avenue','1D2CGS64M');
INSERT INTO stop VALUES ('1399 Christopher Ridge','VAHPLETX');
INSERT INTO stop VALUES ('86394 Kelsey Lakes Apt. 045','S9C27Q');
INSERT INTO stop VALUES ('4913 Griffin Springs','XF3HJVL4K');
INSERT INTO stop VALUES ('2768 Marc Squares Apt. 766','RGFWP');
INSERT INTO stop VALUES ('3757 Gomez Estate','I3HMSEO0');
INSERT INTO stop VALUES ('0535 Johnson Locks Apt. 545','6XF42KTG');
INSERT INTO stop VALUES ('53742 Amber Court','LH5Q8');
INSERT INTO stop VALUES ('52518 Velazquez Road Suite 894','HK3EBG');
INSERT INTO stop VALUES ('2143 Ryan Courts','WS5ZL');
INSERT INTO stop VALUES ('40423 Berry Ports','9280CM88');
INSERT INTO stop VALUES ('0406 Walter Drive Apt. 352','JXZXH8JI3');
INSERT INTO stop VALUES ('3534 John Drive','WV7MK');
INSERT INTO stop VALUES ('742 Miller Throughway Apt. 762','HWT6RK');
INSERT INTO stop VALUES ('PSC 8494 Box 9223','17YU6F2');
INSERT INTO stop VALUES ('USNS Reyes','2NE655YR');
INSERT INTO stop VALUES ('146 Anna Circles','FI7651G');
INSERT INTO stop VALUES ('620 Kelly Loop Apt. 268','1ZU6EO13');
INSERT INTO stop VALUES ('817 Lonnie Terrace Apt. 958','M9UMXHOE');
INSERT INTO stop VALUES ('Unit 3357 Box 3329','0Q3RWZBXV');
INSERT INTO stop VALUES ('85445 Schmidt Plains Suite 969','KU1KT0JD');
INSERT INTO stop VALUES ('745 Cynthia Manors Apt. 690','WWMNSCNE');

INSERT INTO take_class VALUES ('Paul Warren','Young Memorial');
INSERT INTO take_class VALUES ('Mitchell Rodriguez','Franke Institute');
INSERT INTO take_class VALUES ('Kim Castillo','Computing Center');
INSERT INTO take_class VALUES ('Kenneth Martin','Young Memorial');
INSERT INTO take_class VALUES ('Renee Kidd','Delta Upsilon');
INSERT INTO take_class VALUES ('Samantha Kramer','Research Libraries');
INSERT INTO take_class VALUES ('Judith Newton','Computing Center');
INSERT INTO take_class VALUES ('Jennifer Castro','Mandel Legal Aid');
INSERT INTO take_class VALUES ('Lori Parker','Mandel Legal Aid');
INSERT INTO take_class VALUES ('Andrew James','Franke Institute');
INSERT INTO take_class VALUES ('Brittany Vasquez','William Eckhardt');
INSERT INTO take_class VALUES ('Thomas Suarez','Frederick');
INSERT INTO take_class VALUES ('Louis Hernandez','Young Memorial');
INSERT INTO take_class VALUES ('Laura Cross','Research Libraries');
INSERT INTO take_class VALUES ('Lance Adams','Kavli Institute');
INSERT INTO take_class VALUES ('Anthony Fitzgerald','NORC');
INSERT INTO take_class VALUES ('Aaron Fox','Bartlett Dining');
INSERT INTO take_class VALUES ('Benjamin West','Kavli Institute');
INSERT INTO take_class VALUES ('Karla Huffman','William Eckhardt');
INSERT INTO take_class VALUES ('Tina Clayton','Bartlett Dining');
INSERT INTO take_class VALUES ('Brian Jones MD','Bartlett Dining');
INSERT INTO take_class VALUES ('Kelly Carson','Social Service');
INSERT INTO take_class VALUES ('April Cole','Mandel Legal Aid');
INSERT INTO take_class VALUES ('Jerry Shannon','Frederick');
INSERT INTO take_class VALUES ('Amanda Parker','Keller Center');
INSERT INTO take_class VALUES ('Morgan Holloway','Mandel Legal Aid');
INSERT INTO take_class VALUES ('Timothy Decker','Law School');
INSERT INTO take_class VALUES ('Kyle Richmond','Mandel Legal Aid');
INSERT INTO take_class VALUES ('Jeremy Barker','Organismal Biology');
INSERT INTO take_class VALUES ('Adam Hess','Rohr Chabad');
INSERT INTO take_class VALUES ('Christopher Mckay','Social Service');
INSERT INTO take_class VALUES ('Nicole Gallagher','Young Memorial');
INSERT INTO take_class VALUES ('Gregory Osborne','Law School');
INSERT INTO take_class VALUES ('Shannon Carpenter','Art History');
INSERT INTO take_class VALUES ('Sara Holmes','Franke Institute');
INSERT INTO take_class VALUES ('David Dunn','Political Science');
INSERT INTO take_class VALUES ('Clinton Reed','Research Libraries');
INSERT INTO take_class VALUES ('Ricky Henderson','Law School');
INSERT INTO take_class VALUES ('William Hall','Mandel Legal Aid');
INSERT INTO take_class VALUES ('Christina Bishop','NORC');
INSERT INTO take_class VALUES ('Brian Vasquez','Phi Delta Theta');
INSERT INTO take_class VALUES ('Johnathan Lewis','Computing Center');
INSERT INTO take_class VALUES ('Dustin Sanchez','Neubauer Collegium');
INSERT INTO take_class VALUES ('Phyllis Norris','Law School');
INSERT INTO take_class VALUES ('Zoe Marquez','William Eckhardt');
INSERT INTO take_class VALUES ('Darryl Anthony','Franke Institute');
INSERT INTO take_class VALUES ('Michael Mahoney','Computing Center');
INSERT INTO take_class VALUES ('Maria Taylor','Mandel Legal Aid');
INSERT INTO take_class VALUES ('Mark Flynn','Keller Center');
INSERT INTO take_class VALUES ('Corey Davis','Political Science');


